"dataset","predictor","mean_dll","lower_ci","upper_ci","p_value","sig","mean_coef"
"Natural Stories","dep_nc",0.00150516261357965,0.000205417173102917,0.00280490805405639,0.01295,"*",-1.8265642775686
"Natural Stories","dep_nc_so1",-0.000101261106286618,-0.000188381939757071,-1.41402728161662e-05,0.98905,"",0.0425182827491856
"Natural Stories","dep_nc_so2",6.86462525816342e-05,-0.000311354051963139,0.000448646557126408,0.3656,"",0.581368751617056
"Natural Stories","topdown_nc",0.00115505079808152,3.14918167287745e-05,0.00227860977943426,0.021,"*",-1.45657122787664
"Natural Stories","topdown_nc_so1",-0.000247299103502033,-0.000361137768608314,-0.000133460438395752,1,"",-0.0100304828177565
"Natural Stories","topdown_nc_so2",0.000181643386416008,-0.000373747414241117,0.000737034187073133,0.26175,"",-0.729141439269001
"Natural Stories","bottomup_nc",0.000156140653682609,-0.000382994834743298,0.000695276142108516,0.2997,"",-0.616933346023177
"Natural Stories","bottomup_nc_so1",0.00102595599808481,-0.000281137986013728,0.00233304998218334,0.06345,"",1.58961801788763
"Natural Stories","bottomup_nc_so2",0.00174737628224147,0.000438991979992235,0.0030557605844907,0.0047,"**",2.02043799808854
"Natural Stories","leftcorner_nc",0.00115067112222599,-8.1916827182938e-05,0.00238325907163492,0.03245,"*",-1.45317335494988
"Natural Stories","leftcorner_nc_so1",-0.000264831035591284,-0.00046868549310513,-6.09765780774383e-05,0.9947,"",-0.189969803706653
"Natural Stories","leftcorner_nc_so2",0.000210219998989409,-0.000382965992310479,0.000803405990289297,0.24635,"",-0.763430555750813
"Natural Stories","ccgright_reduce",-7.33012679776137e-05,-0.000165227148257542,1.86246123023151e-05,0.94335,"",-0.00635660118870266
"Natural Stories","ccgright_reduce_so1",0.00151934024002229,-9.64027801769931e-05,0.00313508326022158,0.0315,"*",1.90226731177275
"Natural Stories","ccgright_reduce_so2",0.00286590796832655,0.0011729667241858,0.0045588492124673,4e-04,"***",2.64943538297949
"Natural Stories","ccgleft_reduce",-0.000256134120417624,-0.000423174134909189,-8.90941059260596e-05,0.998,"",-0.11738774436229
"Natural Stories","ccgleft_reduce_so1",-9.22304265774182e-05,-0.000447795903811619,0.000263335050656782,0.6987,"",0.438457146280435
"Natural Stories","ccgleft_reduce_so2",0.000878866925995599,-0.000139591800533831,0.00189732565252503,0.04345,"*",1.50377458826503
"Dundee First pass","dep_nc",4.065748732156e-05,-4.33852564004459e-05,0.000124700231043566,0.1707,"",-0.422978051011054
"Dundee First pass","dep_nc_so1",5.91186694827135e-05,-7.72784363557013e-05,0.000195515775321128,0.19795,"",-0.544575504399233
"Dundee First pass","dep_nc_so2",0.000231855210733405,1.30719089464407e-06,0.000462403230572166,0.02505,"*",1.01818701455804
"Dundee First pass","topdown_nc",-8.90656591503839e-06,-5.84066500749125e-05,4.05935182448357e-05,0.64755,"",0.193257996380383
"Dundee First pass","topdown_nc_so1",-1.76697599761712e-05,-9.37146747385796e-05,5.83751547862371e-05,0.67015,"",0.296716265392039
"Dundee First pass","topdown_nc_so2",0.000226104058949636,2.50415726558024e-06,0.000449703960633691,0.02255,"*",-0.863028160111754
"Dundee First pass","bottomup_nc",1.5923648011809e-06,-5.79728649691992e-05,6.1157594571561e-05,0.47665,"",-0.267868471717018
"Dundee First pass","bottomup_nc_so1",0.000217329477090486,-4.73473105975754e-05,0.000482006264778547,0.05275,"",-0.935704658714013
"Dundee First pass","bottomup_nc_so2",0.000579394262347541,0.000241474289732929,0.000917314234962154,0.00015,"***",1.4787007608288
"Dundee First pass","leftcorner_nc",-1.88028691134003e-05,-4.47477959750314e-05,7.1420577482307e-06,0.92255,"",0.0849306219337694
"Dundee First pass","leftcorner_nc_so1",-2.1051368651465e-05,-8.60739493401868e-05,4.39712120372569e-05,0.7368,"",-0.214335315719614
"Dundee First pass","leftcorner_nc_so2",0.000102613447045933,-6.14921288793728e-05,0.000266719022971239,0.11115,"",-0.617514254509086
"Dundee First pass","ccgright_reduce",-2.07326385304717e-05,-4.97308229107171e-05,8.26554584977368e-06,0.91895,"",-0.108468248624352
"Dundee First pass","ccgright_reduce_so1",0.000179300480493008,-6.29787284404535e-05,0.00042157968942647,0.0723,"",-0.870677300538517
"Dundee First pass","ccgright_reduce_so2",0.000694341539642015,0.00032640726869603,0.001062275810588,0.00015,"***",1.62015978264254
"Dundee First pass","ccgleft_reduce",-2.13328109675766e-05,-4.76433207098804e-05,4.97769877472721e-06,0.94245,"",0.092711705647277
"Dundee First pass","ccgleft_reduce_so1",0.00024053419730732,-3.45454396014199e-05,0.000515613834216059,0.0409,"*",-1.00289342292042
"Dundee First pass","ccgleft_reduce_so2",0.000636650984440221,0.000289597758380115,0.000983704210500327,2e-04,"***",1.53830004169545
"Dundee Go-past","dep_nc",0.00039715880100195,0.000116405818537779,0.000677911783466121,0.0028,"**",-1.66631693787856
"Dundee Go-past","dep_nc_so1",0.000145971322655354,-2.97230690647639e-05,0.000321665714375471,0.04965,"*",-1.02720383082964
"Dundee Go-past","dep_nc_so2",6.11384255755196e-05,-9.55753091826547e-05,0.000217852160333694,0.2205,"",0.908031368003522
"Dundee Go-past","topdown_nc",-3.35355479547451e-05,-6.90215328449216e-05,1.95043693543138e-06,0.9692,"",0.158486804732144
"Dundee Go-past","topdown_nc_so1",0.000213877843241906,-1.62213942924184e-05,0.000443977080776231,0.03505,"*",1.20642391917392
"Dundee Go-past","topdown_nc_so2",0.000196757623641685,-1.67174607014031e-05,0.000410232707984773,0.03625,"*",-1.11041633458017
"Dundee Go-past","bottomup_nc",4.54063248580164e-05,-8.05261265392574e-05,0.00017133877625529,0.2416,"",-0.655672151867547
"Dundee Go-past","bottomup_nc_so1",6.49143276058543e-05,-0.000110121617263099,0.000239950272474808,0.23205,"",-0.910075301286035
"Dundee Go-past","bottomup_nc_so2",0.000858157664476877,0.000411032207904869,0.00130528312104889,5e-05,"***",2.40339307248234
"Dundee Go-past","leftcorner_nc",-1.52182863621133e-05,-4.84607820607083e-05,1.80242093364817e-05,0.81515,"",-0.144531900825071
"Dundee Go-past","leftcorner_nc_so1",-7.83160965960498e-06,-4.66852496555281e-05,3.10220303363182e-05,0.6541,"",-0.187244827204225
"Dundee Go-past","leftcorner_nc_so2",5.67905522429469e-05,-8.3746754798694e-05,0.000197327859284588,0.21455,"",-0.701066050614301
"Dundee Go-past","ccgright_reduce",7.62489100347037e-05,-8.3665302906018e-05,0.000236163122975425,0.16975,"",-0.813547879211192
"Dundee Go-past","ccgright_reduce_so1",4.64208720358298e-05,-0.000112684589179243,0.000205526333250902,0.28755,"",-0.840501122734498
"Dundee Go-past","ccgright_reduce_so2",0.000926074889375959,0.000456872724779376,0.00139527705397254,0,"***",2.50933763589436
"Dundee Go-past","ccgleft_reduce",-3.40570414299639e-05,-8.61306780762081e-05,1.80165952162803e-05,0.8999,"",-0.231795815813019
"Dundee Go-past","ccgleft_reduce_so1",4.89732256921345e-05,-0.000126556654982162,0.000224503106366431,0.28875,"",-0.932453176022061
"Dundee Go-past","ccgleft_reduce_so2",0.000790626941371273,0.000356252892014077,0.00122500099072847,0.00015,"***",2.31164911538681
"Dundee Total fixation","dep_nc",0.00085748781903903,0.000435772673278546,0.00127920296479951,0,"***",-3.18367244485192
"Dundee Total fixation","dep_nc_so1",9.61409342469893e-05,-5.89578110623013e-05,0.00025123967955628,0.1095,"",-1.17699594971144
"Dundee Total fixation","dep_nc_so2",9.08155977535479e-05,-7.1093065067937e-05,0.000252724260575033,0.13425,"",1.22909290980527
"Dundee Total fixation","topdown_nc",4.97434375045609e-05,-6.48727007638416e-05,0.000164359575772963,0.19595,"",0.791724153647332
"Dundee Total fixation","topdown_nc_so1",0.000181343301949405,-2.78316563955419e-05,0.000390518260294352,0.04475,"*",1.44728867048095
"Dundee Total fixation","topdown_nc_so2",0.000212221374484237,-1.89930951506102e-05,0.000443435844119085,0.0343,"*",-1.58754442690514
"Dundee Total fixation","bottomup_nc",0.000235958666612341,1.19062712106671e-05,0.000460011062014016,0.01855,"*",-1.55425517767217
"Dundee Total fixation","bottomup_nc_so1",-4.29175158496604e-05,-7.4374906199975e-05,-1.14601254993458e-05,0.9957,"",0.158123026636544
"Dundee Total fixation","bottomup_nc_so2",0.00117730233451653,0.000638564394721807,0.00171604027431126,0,"***",3.71448799401792
"Dundee Total fixation","leftcorner_nc",-1.27440745925493e-05,-3.61274075205857e-05,1.06392583354872e-05,0.86095,"",-0.120847988332647
"Dundee Total fixation","leftcorner_nc_so1",-3.5697292866911e-05,-5.65994012279346e-05,-1.47951845058874e-05,0.99965,"",-0.0343490538069579
"Dundee Total fixation","leftcorner_nc_so2",9.59937698202839e-06,-0.000102440768210224,0.000121639522174281,0.4324,"",-0.730413706410485
"Dundee Total fixation","ccgright_reduce",0.000402112791270073,9.9780281405286e-05,0.000704445301134861,0.00475,"**",-2.0773505244844
"Dundee Total fixation","ccgright_reduce_so1",-3.07302512806769e-05,-9.1442547173465e-05,2.99820446121112e-05,0.8383,"",0.381750841689599
"Dundee Total fixation","ccgright_reduce_so2",0.00120151646970551,0.00066324513775562,0.0017397878016554,0,"***",3.76521755393194
"Dundee Total fixation","ccgleft_reduce",0.000153264271864644,-4.18209579911585e-05,0.000348349501720447,0.06015,"",-1.31848852276854
"Dundee Total fixation","ccgleft_reduce_so1",-2.98268706966412e-05,-5.13767634150339e-05,-8.27697797824846e-06,0.99655,"",0.0768167756133036
"Dundee Total fixation","ccgleft_reduce_so2",0.00102891267761482,0.000524524642095851,0.00153330071313378,0,"***",3.50262005450348
"OneStop First pass","dep_nc",0.000525502577308147,0.000136662558218954,0.00091434259639734,0.0041,"**",-1.30182638267202
"OneStop First pass","dep_nc_so1",0.000245953101386265,-2.39085381982254e-05,0.000515814740970756,0.0371,"*",-0.985350997239652
"OneStop First pass","dep_nc_so2",5.94526323608701e-05,-9.85181724020872e-05,0.000217423437123827,0.22895,"",0.559193615476168
"OneStop First pass","topdown_nc",7.71644543119794e-05,-0.000105016955228205,0.000259345863852163,0.19855,"",0.552544850496318
"OneStop First pass","topdown_nc_so1",0.000159441004294572,-8.96426674070875e-05,0.000408524675996231,0.102,"",0.774027887830218
"OneStop First pass","topdown_nc_so2",0.000221924559906633,-8.30181501784e-05,0.000526867269991665,0.07775,"",-0.969505797547249
"OneStop First pass","bottomup_nc",0.00309093765365651,0.00204960823225385,0.00413226707505918,0,"***",-3.03696929509654
"OneStop First pass","bottomup_nc_so1",-2.90582347005412e-05,-6.88771004393924e-05,1.07606310383099e-05,0.9234,"",0.110388920196641
"OneStop First pass","bottomup_nc_so2",0.0021807166135464,0.00129010386575088,0.00307132936134192,0,"***",2.66167187398002
"OneStop First pass","leftcorner_nc",2.9795266302861e-05,-9.76744704419846e-05,0.000157265003047707,0.3251,"",-0.352186885255402
"OneStop First pass","leftcorner_nc_so1",-2.59706767409342e-05,-4.61016698796805e-05,-5.83968360218795e-06,0.9948,"",-0.0201338410040892
"OneStop First pass","leftcorner_nc_so2",9.80110176345593e-05,-9.46848890321324e-05,0.000290706924301251,0.15975,"",-0.592133845502353
"OneStop First pass","ccgright_reduce",0.00383620120551498,0.00260754078320592,0.00506486162782404,0,"***",-3.37490290299964
"OneStop First pass","ccgright_reduce_so1",-2.93379909850225e-05,-5.27525043077562e-05,-5.9234776622887e-06,0.9928,"",0.0308414722244224
"OneStop First pass","ccgright_reduce_so2",0.00259192486487381,0.00160886086633963,0.00357498886340798,0,"***",2.9098956957127
"OneStop First pass","ccgleft_reduce",0.0022819378195105,0.00130896225946159,0.0032549133795594,0,"***",-2.64734695633727
"OneStop First pass","ccgleft_reduce_so1",3.52700141545296e-05,-9.68096362788897e-05,0.000167349664587949,0.2974,"",-0.446482336322489
"OneStop First pass","ccgleft_reduce_so2",0.00193170486383695,0.00105435480666951,0.0028090549210044,0,"***",2.51538929465544
"OneStop Go-past","dep_nc",0.000411282158867618,8.79488107797644e-05,0.000734615506955471,0.0063,"**",-2.9504637153975
"OneStop Go-past","dep_nc_so1",3.06194254837745e-05,-0.000102420659857653,0.000163659510825202,0.3271,"",-1.21772322959848
"OneStop Go-past","dep_nc_so2",-1.8673471755844e-05,-7.80070362720653e-05,4.06600927603773e-05,0.73205,"",-0.515237176551087
"OneStop Go-past","topdown_nc",0.000529624424645347,0.000160650554918609,0.000898598294372086,0.00255,"**",-3.18494320494079
"OneStop Go-past","topdown_nc_so1",2.29349128731364e-06,-7.14909076459461e-05,7.60778902205734e-05,0.4736,"",-0.615696843127442
"OneStop Go-past","topdown_nc_so2",-4.68895187926388e-05,-7.5663888431913e-05,-1.81151491533646e-05,0.99945,"",-0.0554674081431353
"OneStop Go-past","bottomup_nc",0.000807046954106244,0.000300903405662811,0.00131319050254968,0.001,"**",-4.12453251542935
"OneStop Go-past","bottomup_nc_so1",0.000787538158146979,0.00022506807525629,0.00135000824103767,0.0024,"**",-4.24945409032467
"OneStop Go-past","bottomup_nc_so2",6.39901133107394e-05,-7.7115884751529e-05,0.000205096111373008,0.1879,"",-1.31659425970387
"OneStop Go-past","leftcorner_nc",0.000809290397684807,0.000316868771716055,0.00130171202365356,0.00065,"***",-3.83079560378464
"OneStop Go-past","leftcorner_nc_so1",0.000324835162602527,1.00988919883014e-05,0.000639571433216752,0.02135,"*",-2.59428375302351
"OneStop Go-past","leftcorner_nc_so2",9.02254400610293e-05,-0.000107104383812819,0.000287555263934877,0.18425,"",-1.6203949350001
"OneStop Go-past","ccgright_reduce",0.000566531570678465,0.000154739356733154,0.000978323784623775,0.0037,"**",-3.38863620577298
"OneStop Go-past","ccgright_reduce_so1",0.000491925176061828,8.13445899730342e-05,0.000902505762150623,0.0094,"**",-3.33414705090556
"OneStop Go-past","ccgright_reduce_so2",-8.97786405889242e-06,-5.80369676043556e-05,4.00812394865708e-05,0.6383,"",-0.387116394579659
"OneStop Go-past","ccgleft_reduce",7.3039722358435e-05,-0.000105493904203206,0.000251573348920076,0.21365,"",-1.48245106436957
"OneStop Go-past","ccgleft_reduce_so1",0.000302037937582382,-2.52918981222046e-05,0.00062936777328697,0.03415,"*",-2.63018692963818
"OneStop Go-past","ccgleft_reduce_so2",-3.75345820706746e-07,-6.22544369901337e-05,6.15037453487202e-05,0.50315,"",-0.503676439334972
"OneStop Total fixation","dep_nc",0.000453445137361372,6.68551819972986e-05,0.000840035092725445,0.01075,"*",-2.67171453304889
"OneStop Total fixation","dep_nc_so1",0.000264265472193259,-1.2290963028472e-05,0.00054082190741499,0.02985,"*",-2.2263549113371
"OneStop Total fixation","dep_nc_so2",-5.87923643868166e-06,-0.000116420077656891,0.000104661604779527,0.5379,"",0.816647130625184
"OneStop Total fixation","topdown_nc",-5.31422359601821e-06,-0.000124404973084247,0.000113776525892211,0.53825,"",0.76353263411307
"OneStop Total fixation","topdown_nc_so1",0.000308118357077362,-2.88712656636407e-05,0.000645107979818365,0.03555,"*",2.2499059197835
"OneStop Total fixation","topdown_nc_so2",3.10275295722007e-05,-0.00012483593239979,0.000186890991544191,0.34825,"",-1.05724256646109
"OneStop Total fixation","bottomup_nc",0.00454631882403881,0.00325446084445903,0.00583817680361858,0,"***",-8.04261906272734
"OneStop Total fixation","bottomup_nc_so1",7.62155961337301e-05,-6.6827571886414e-05,0.000219258764153874,0.1493,"",-1.13371984635733
"OneStop Total fixation","bottomup_nc_so2",0.00139787631836,0.000728457939328168,0.00206729469739183,5e-05,"***",4.68233503392703
"OneStop Total fixation","leftcorner_nc",0.00020509562421943,-8.68834064319584e-05,0.000497074654870818,0.0815,"",-1.79793527122254
"OneStop Total fixation","leftcorner_nc_so1",-2.53053523707924e-05,-8.20144925038665e-05,3.14037877622818e-05,0.8079,"",-0.355757339697829
"OneStop Total fixation","leftcorner_nc_so2",0.000146090126727487,-8.37604157415933e-05,0.000375940669196568,0.11035,"",-1.58001268602202
"OneStop Total fixation","ccgright_reduce",0.00521265953459612,0.00378151413046491,0.00664380493872734,0,"***",-8.57270439749689
"OneStop Total fixation","ccgright_reduce_so1",0.000132268635826141,-5.8094925632807e-05,0.000322632197285089,0.0868,"",-1.49187905669786
"OneStop Total fixation","ccgright_reduce_so2",0.00168939601471711,0.000949352285137958,0.00242943974429626,0,"***",5.12308126887082
"OneStop Total fixation","ccgleft_reduce",0.0034221857742151,0.00229729026125848,0.00454708128717172,0,"***",-7.02733104801346
"OneStop Total fixation","ccgleft_reduce_so1",0.000310049217176891,2.54839043992474e-05,0.000594614529954534,0.0157,"*",-2.25022816591127
"OneStop Total fixation","ccgleft_reduce_so2",0.00113276968236836,0.000517371775986914,0.00174816758874982,5e-05,"***",4.20599578422203
