"dataset","predictor","mean_dll","lower_ci","upper_ci","p_value","sig","mean_coef_term_1","mean_coef_term_2","mean_coef_term_3"
"Natural Stories","Dependency",4.61950299494723e-05,-0.000588700485051541,0.000681090544950486,0.4441,"",-0.752006164193431,0.45647078276687,0.208691387457015
"Natural Stories","PSG Top-down",0.00285024835712323,0.00135006249568909,0.00435043421855737,1e-04,"***",-1.02713202096265,-1.2235732603108,-2.06390688973853
"Natural Stories","PSG Bottom-up",0.0032423837831837,0.00128024900164918,0.00520451856471821,5e-04,"***",0.356700777461692,3.40875413629402,1.42717157793693
"Natural Stories","PSG Left-corner",0.00140119712689436,0.000201072222113805,0.00260132203167491,0.01095,"*",-1.10096240803711,-0.271256066650472,-1.34726387299321
"Natural Stories","CCG-Right",0.00496680949499306,0.0024889588634435,0.00744466012654262,0,"***",1.78940634799891,4.13673279198278,2.19019180454431
"Natural Stories","CCG-Left",0.000842370828126502,-0.000252996885985571,0.00193773854223857,0.06825,"",0.77042396420672,1.26189128398837,1.46153066526958
"Dundee First pass","Dependency",0.000325504204830293,9.24858281816277e-05,0.000558522581478958,0.0034,"**",0.580633605573164,0.0522358697804164,1.20179608983967
"Dundee First pass","PSG Top-down",0.000400019665694192,0.000132722376832173,0.000667316954556211,0.00195,"**",-0.411797158354368,-0.151226586971571,-1.20782721254805
"Dundee First pass","PSG Bottom-up",0.000631019179071699,0.000310444317561237,0.00095159404058216,1e-04,"***",1.01915117298349,-0.518394177267151,1.24507372215032
"Dundee First pass","PSG Left-corner",0.000118123990311552,-4.56075396101597e-05,0.000281855520233263,0.07755,"",0.0569147309187885,-0.288929000734344,-0.657783427154203
"Dundee First pass","CCG-Right",0.000810815169013998,0.000458705635695215,0.00116292470233278,0,"***",1.33834462077126,-0.383138169932827,1.423292563944
"Dundee First pass","CCG-Left",0.000792124476424577,0.000437911197686727,0.00114633775516243,0,"***",1.346715467776,-0.454589629641239,1.31459839427264
"Dundee Go-past","Dependency",0.000142364323113901,-3.57402046722e-05,0.000320468850900003,0.05905,"",-0.266283451247943,-0.671174855166506,0.858624593544926
"Dundee Go-past","PSG Top-down",0.000647008957629037,0.000325554728698239,0.000968463186559834,0,"***",-1.22187131328092,0.508893609671122,-1.61397689001746
"Dundee Go-past","PSG Bottom-up",0.00067671461200078,0.000321338988120749,0.00103209023588081,2e-04,"***",1.50699515366283,-0.491005442102938,1.83355629236436
"Dundee Go-past","PSG Left-corner",7.68667895145175e-05,-7.02908356134589e-05,0.000224024414642494,0.15395,"",-0.210261061568585,-0.0453266351962586,-0.867788233637358
"Dundee Go-past","CCG-Right",0.00086718519390361,0.000471903108590773,0.00126246727921645,0,"***",1.91078137394657,-0.43316188313447,2.02167922301171
"Dundee Go-past","CCG-Left",0.000911222779131399,0.000507311219299504,0.00131513433896329,0,"***",2.17754980073307,-0.448872921527368,1.81761420561324
"Dundee Total fixation","Dependency",0.000178507672828352,-1.53083007717675e-05,0.000372323646428472,0.03755,"*",-0.894516883878524,-0.812054286595474,1.10773938830284
"Dundee Total fixation","PSG Top-down",0.000531506912708113,0.000224805250226896,0.000838208575189329,1e-04,"***",-1.11391432112223,0.569678060498591,-2.22367730442744
"Dundee Total fixation","PSG Bottom-up",0.000836443036922206,0.000431229181594364,0.00124165689225005,0,"***",2.12357573235511,0.53498338557859,2.84179279023105
"Dundee Total fixation","PSG Left-corner",3.42757343864271e-05,-9.1904653701624e-05,0.000160456122474478,0.2951,"",-0.0465741424840739,0.190273101470645,-0.990602326988757
"Dundee Total fixation","CCG-Right",0.000935003894486984,0.000518488322853452,0.00135151946612052,0,"***",2.35820157112267,0.667094454953918,3.07016749924069
"Dundee Total fixation","CCG-Left",0.000958168838819711,0.000536757093912995,0.00137958058372643,0,"***",2.7537804890438,0.497218605593015,2.84533582580905
"OneStop First pass","Dependency",0.00069906859492453,0.000267403040245146,0.00113073414960391,0.00105,"**",-1.58545355426009,-0.922390840582691,0.222974945050929
"OneStop First pass","PSG Top-down",0.000366216462670903,4.5293367280041e-05,0.000687139558061765,0.01275,"*",0.454417146949831,0.354622897032501,-1.04424872782549
"OneStop First pass","PSG Bottom-up",0.00328944827530462,0.00232333478741921,0.00425556176319002,0,"***",-3.09293168269271,0.7786340843184,2.41273455990732
"OneStop First pass","PSG Left-corner",0.000331288173807883,3.40266373362102e-09,0.000662572944952031,0.0266,"*",-0.716636740947576,-0.0882985233119546,-0.816089639630552
"OneStop First pass","CCG-Right",0.00396305812762162,0.00284489782074173,0.00508121843450152,0,"***",-3.42973619778921,1.09699392424597,2.66098642185705
"OneStop First pass","CCG-Left",0.00237872255896616,0.00147485469622877,0.00328259042170355,0,"***",-2.47327597583887,0.405440730971809,2.28113375597181
"OneStop Go-past","Dependency",0.000150665679761328,-0.000103860318422412,0.000405191677945069,0.1235,"",-2.54353635290162,-1.72259641841462,-1.08611844268517
"OneStop Go-past","PSG Top-down",0.000483743886647603,0.000141180037596213,0.000826307735698992,0.00245,"**",-3.60109055344229,-1.21499879038589,-0.856268815310151
"OneStop Go-past","PSG Bottom-up",0.000500150618751223,0.000103231859273567,0.000897069378228879,0.00645,"**",-0.231252831818403,-4.84330733961114,-1.96691322997372
"OneStop Go-past","PSG Left-corner",0.000873357650859592,0.000388593235486513,0.00135812206623267,1e-04,"***",-3.30611890881549,-2.23645728049585,-1.58594044593113
"OneStop Go-past","CCG-Right",0.000114111382786231,-0.000130993115290636,0.000359215880863099,0.18225,"",0.0540751097917878,-3.01095541049228,-1.33952711354833
"OneStop Go-past","CCG-Left",9.20864882093596e-05,-0.000157391393755781,0.0003415643701745,0.2365,"",1.73375512873693,-1.9417834678899,-1.28322320490541
"OneStop Total fixation","Dependency",0.000651613834997297,0.000221657528134523,0.00108157014186007,0.00115,"**",-3.32444822918545,-2.0970616299729,0.022355317193086
"OneStop Total fixation","PSG Top-down",0.000158682683473076,-0.000107359015768752,0.000424724382714904,0.12295,"",0.295062726106402,1.1905844325416,-1.48185810028516
"OneStop Total fixation","PSG Bottom-up",0.00370426013647356,0.00269272237748644,0.00471579789546067,0,"***",-9.05450104222963,-0.619997577972775,3.67271959219186
"OneStop Total fixation","PSG Left-corner",0.00093052194357432,0.000401118307163938,0.0014599255799847,0.00025,"***",-2.89065203522047,-0.850644333889914,-2.12527941134039
"OneStop Total fixation","CCG-Right",0.00399823004244115,0.00290577500937479,0.00509068507550752,0,"***",-9.4978706008055,-0.177846040195205,4.02083387904882
"OneStop Total fixation","CCG-Left",0.00249639745375311,0.00163549963715543,0.00335729527035079,0,"***",-7.43015624774929,-1.31137790710349,3.20619056117747
